-- Baseline schema (squashed from the v0.17.1 migration set; see issue #1117).
-- Generated by scripts/gen-baseline.sh — do not hand-edit; regenerate instead.
CREATE TABLE public.api_keys (
    id text NOT NULL,
    user_id text NOT NULL,
    name text NOT NULL,
    key_hash text NOT NULL,
    scopes text DEFAULT 'write'::text NOT NULL,
    last_used_at timestamp with time zone,
    created_at timestamp with time zone DEFAULT now() NOT NULL,
    expires_at timestamp with time zone,
    revoked_at timestamp with time zone
);
CREATE TABLE public.backup_config (
    id integer NOT NULL,
    schedule_cron text DEFAULT ''::text NOT NULL,
    retention_mode text DEFAULT 'days'::text NOT NULL,
    retention_value integer DEFAULT 30 NOT NULL,
    last_backup_at timestamp with time zone,
    created_at timestamp with time zone DEFAULT now() NOT NULL,
    updated_at timestamp with time zone DEFAULT now() NOT NULL,
    CONSTRAINT backup_config_id_check CHECK ((id = 1))
);
CREATE TABLE public.changes (
    id text CONSTRAINT sync_changes_id_not_null NOT NULL,
    job_id text CONSTRAINT sync_changes_job_id_not_null NOT NULL,
    user_id text CONSTRAINT sync_changes_user_id_not_null NOT NULL,
    external_game_id text,
    change_type text CONSTRAINT sync_changes_change_type_not_null NOT NULL,
    title text CONSTRAINT sync_changes_title_not_null NOT NULL,
    old_status text,
    new_status text,
    created_at timestamp with time zone DEFAULT now() CONSTRAINT sync_changes_created_at_not_null NOT NULL,
    user_game_id text
);
CREATE TABLE public.events (
    id text NOT NULL,
    type text NOT NULL,
    scope text NOT NULL,
    actor_user_id text,
    payload jsonb DEFAULT '{}'::jsonb NOT NULL,
    dedup_key text,
    occurred_at timestamp with time zone DEFAULT now() NOT NULL
);
CREATE TABLE public.external_game_platforms (
    id text NOT NULL,
    external_game_id text NOT NULL,
    platform text NOT NULL,
    hours_played numeric(10,2) DEFAULT 0 NOT NULL,
    created_at timestamp with time zone DEFAULT now() NOT NULL
);
CREATE TABLE public.external_games (
    id text NOT NULL,
    user_id text NOT NULL,
    storefront text NOT NULL,
    external_id text NOT NULL,
    title text NOT NULL,
    resolved_igdb_id integer,
    is_skipped boolean DEFAULT false NOT NULL,
    is_available boolean DEFAULT true NOT NULL,
    is_subscription boolean DEFAULT false NOT NULL,
    ownership_status text,
    created_at timestamp with time zone DEFAULT now() NOT NULL,
    updated_at timestamp with time zone DEFAULT now() NOT NULL,
    parent_id text,
    store_link text,
    source_metadata jsonb
);
CREATE TABLE public.games (
    id integer NOT NULL,
    title text NOT NULL,
    description text,
    genre text,
    developer text,
    publisher text,
    release_date date,
    cover_art_url text,
    rating_average numeric(5,2),
    rating_count integer,
    howlongtobeat_main numeric(6,2),
    howlongtobeat_extra numeric(6,2),
    howlongtobeat_completionist numeric(6,2),
    igdb_slug text,
    igdb_platform_ids text,
    igdb_platform_names text,
    game_modes text,
    themes text,
    player_perspectives text,
    game_metadata text,
    last_updated timestamp with time zone DEFAULT now() NOT NULL,
    created_at timestamp with time zone DEFAULT now() NOT NULL
);
CREATE TABLE public.job_items (
    id text NOT NULL,
    job_id text NOT NULL,
    user_id text NOT NULL,
    external_game_id text,
    item_key text NOT NULL,
    source_title text NOT NULL,
    source_metadata jsonb DEFAULT '{}'::jsonb NOT NULL,
    status text DEFAULT 'pending'::text NOT NULL,
    result jsonb DEFAULT '{}'::jsonb NOT NULL,
    error_message text,
    igdb_candidates jsonb DEFAULT '[]'::jsonb NOT NULL,
    resolved_igdb_id integer,
    match_confidence numeric(5,4),
    created_at timestamp with time zone DEFAULT now() NOT NULL,
    processed_at timestamp with time zone,
    resolved_at timestamp with time zone
);
CREATE TABLE public.jobs (
    id text NOT NULL,
    user_id text NOT NULL,
    job_type text NOT NULL,
    source text NOT NULL,
    status text DEFAULT 'pending'::text NOT NULL,
    priority text DEFAULT 'high'::text NOT NULL,
    file_path text,
    total_items integer DEFAULT 0 NOT NULL,
    error_message text,
    auto_retry_done boolean DEFAULT false NOT NULL,
    dispatch_complete boolean DEFAULT true NOT NULL,
    created_at timestamp with time zone DEFAULT now() NOT NULL,
    started_at timestamp with time zone,
    completed_at timestamp with time zone
);
CREATE TABLE public.notification_channels (
    id text NOT NULL,
    user_id text NOT NULL,
    name text NOT NULL,
    encrypted_url text NOT NULL,
    created_at timestamp with time zone DEFAULT now() NOT NULL
);
CREATE TABLE public.notification_subscriptions (
    user_id text NOT NULL,
    event_type text NOT NULL,
    created_at timestamp with time zone DEFAULT now() NOT NULL
);
CREATE TABLE public.platform_storefronts (
    platform text NOT NULL,
    storefront text NOT NULL
);
CREATE TABLE public.platforms (
    name text NOT NULL,
    display_name text NOT NULL,
    icon text,
    igdb_platform_id integer,
    default_storefront text
);
CREATE TABLE public.pool_games (
    id text NOT NULL,
    pool_id text NOT NULL,
    user_game_id text NOT NULL,
    "position" integer,
    created_at timestamp with time zone DEFAULT now() NOT NULL
);
CREATE TABLE public.pools (
    id text NOT NULL,
    user_id text NOT NULL,
    name text NOT NULL,
    color text,
    "position" integer NOT NULL,
    filter jsonb,
    created_at timestamp with time zone DEFAULT now() NOT NULL,
    updated_at timestamp with time zone DEFAULT now() NOT NULL
);
CREATE TABLE public.rate_limiter_tokens (
    key text NOT NULL,
    tokens double precision NOT NULL,
    last_refill timestamp with time zone DEFAULT now() NOT NULL
);
CREATE TABLE public.storefronts (
    name text NOT NULL,
    display_name text NOT NULL,
    icon text,
    base_url text
);
CREATE TABLE public.tags (
    id text NOT NULL,
    user_id text NOT NULL,
    name text NOT NULL,
    color text,
    created_at timestamp with time zone DEFAULT now() NOT NULL,
    updated_at timestamp with time zone DEFAULT now() NOT NULL
);
CREATE TABLE public.user_game_platforms (
    id text NOT NULL,
    user_game_id text NOT NULL,
    platform text NOT NULL,
    storefront text,
    is_available boolean DEFAULT true NOT NULL,
    hours_played numeric(10,2),
    ownership_status text,
    acquired_date date,
    external_game_id text,
    sync_from_source boolean DEFAULT false NOT NULL,
    created_at timestamp with time zone DEFAULT now() NOT NULL,
    updated_at timestamp with time zone DEFAULT now() NOT NULL
);
CREATE TABLE public.user_game_tags (
    id text NOT NULL,
    user_game_id text NOT NULL,
    tag_id text NOT NULL,
    created_at timestamp with time zone DEFAULT now() NOT NULL
);
CREATE TABLE public.user_games (
    id text NOT NULL,
    user_id text NOT NULL,
    game_id integer NOT NULL,
    play_status text DEFAULT 'not_started'::text NOT NULL,
    personal_rating integer,
    is_loved boolean DEFAULT false NOT NULL,
    personal_notes text,
    created_at timestamp with time zone DEFAULT now() NOT NULL,
    updated_at timestamp with time zone DEFAULT now() NOT NULL,
    is_wishlisted boolean DEFAULT false NOT NULL
);
CREATE TABLE public.user_sessions (
    id text NOT NULL,
    user_id text NOT NULL,
    session_id_hash text NOT NULL,
    user_agent text,
    ip_address text,
    created_at timestamp with time zone DEFAULT now() NOT NULL,
    expires_at timestamp with time zone NOT NULL,
    last_used_at timestamp with time zone
);
CREATE TABLE public.user_settings (
    user_id text NOT NULL,
    deal_region text DEFAULT 'us'::text NOT NULL,
    created_at timestamp with time zone DEFAULT now() NOT NULL,
    updated_at timestamp with time zone DEFAULT now() NOT NULL
);
CREATE TABLE public.user_sync_configs (
    id text NOT NULL,
    user_id text NOT NULL,
    storefront text NOT NULL,
    frequency text DEFAULT 'manual'::text NOT NULL,
    storefront_credentials text,
    last_synced_at timestamp with time zone,
    credentials_error boolean DEFAULT false NOT NULL,
    created_at timestamp with time zone DEFAULT now() NOT NULL,
    updated_at timestamp with time zone DEFAULT now() NOT NULL
);
CREATE TABLE public.users (
    id text NOT NULL,
    username text NOT NULL,
    password_hash text NOT NULL,
    is_active boolean DEFAULT true NOT NULL,
    is_admin boolean DEFAULT false NOT NULL,
    created_at timestamp with time zone DEFAULT now() NOT NULL,
    updated_at timestamp with time zone DEFAULT now() NOT NULL
);
ALTER TABLE ONLY public.api_keys
    ADD CONSTRAINT api_keys_key_hash_key UNIQUE (key_hash);
ALTER TABLE ONLY public.api_keys
    ADD CONSTRAINT api_keys_pkey PRIMARY KEY (id);
ALTER TABLE ONLY public.backup_config
    ADD CONSTRAINT backup_config_pkey PRIMARY KEY (id);
ALTER TABLE ONLY public.events
    ADD CONSTRAINT events_pkey PRIMARY KEY (id);
ALTER TABLE ONLY public.external_game_platforms
    ADD CONSTRAINT external_game_platforms_external_game_id_platform_key UNIQUE (external_game_id, platform);
ALTER TABLE ONLY public.external_game_platforms
    ADD CONSTRAINT external_game_platforms_pkey PRIMARY KEY (id);
ALTER TABLE ONLY public.external_games
    ADD CONSTRAINT external_games_pkey PRIMARY KEY (id);
ALTER TABLE ONLY public.external_games
    ADD CONSTRAINT external_games_user_id_storefront_external_id_key UNIQUE (user_id, storefront, external_id);
ALTER TABLE ONLY public.games
    ADD CONSTRAINT games_pkey PRIMARY KEY (id);
ALTER TABLE ONLY public.job_items
    ADD CONSTRAINT job_items_job_id_item_key_key UNIQUE (job_id, item_key);
ALTER TABLE ONLY public.job_items
    ADD CONSTRAINT job_items_pkey PRIMARY KEY (id);
ALTER TABLE ONLY public.jobs
    ADD CONSTRAINT jobs_pkey PRIMARY KEY (id);
ALTER TABLE ONLY public.notification_channels
    ADD CONSTRAINT notification_channels_pkey PRIMARY KEY (id);
ALTER TABLE ONLY public.notification_channels
    ADD CONSTRAINT notification_channels_user_id_name_key UNIQUE (user_id, name);
ALTER TABLE ONLY public.notification_subscriptions
    ADD CONSTRAINT notification_subscriptions_pkey PRIMARY KEY (user_id, event_type);
ALTER TABLE ONLY public.platform_storefronts
    ADD CONSTRAINT platform_storefronts_pkey PRIMARY KEY (platform, storefront);
ALTER TABLE ONLY public.platforms
    ADD CONSTRAINT platforms_pkey PRIMARY KEY (name);
ALTER TABLE ONLY public.pool_games
    ADD CONSTRAINT pool_games_pkey PRIMARY KEY (id);
ALTER TABLE ONLY public.pool_games
    ADD CONSTRAINT pool_games_pool_id_user_game_id_key UNIQUE (pool_id, user_game_id);
ALTER TABLE ONLY public.pools
    ADD CONSTRAINT pools_pkey PRIMARY KEY (id);
ALTER TABLE ONLY public.pools
    ADD CONSTRAINT pools_user_id_name_key UNIQUE (user_id, name);
ALTER TABLE ONLY public.rate_limiter_tokens
    ADD CONSTRAINT rate_limiter_tokens_pkey PRIMARY KEY (key);
ALTER TABLE ONLY public.storefronts
    ADD CONSTRAINT storefronts_pkey PRIMARY KEY (name);
ALTER TABLE ONLY public.changes
    ADD CONSTRAINT sync_changes_pkey PRIMARY KEY (id);
ALTER TABLE ONLY public.tags
    ADD CONSTRAINT tags_pkey PRIMARY KEY (id);
ALTER TABLE ONLY public.tags
    ADD CONSTRAINT tags_user_id_name_key UNIQUE (user_id, name);
ALTER TABLE ONLY public.user_game_platforms
    ADD CONSTRAINT user_game_platforms_pkey PRIMARY KEY (id);
ALTER TABLE ONLY public.user_game_tags
    ADD CONSTRAINT user_game_tags_pkey PRIMARY KEY (id);
ALTER TABLE ONLY public.user_game_tags
    ADD CONSTRAINT user_game_tags_user_game_id_tag_id_key UNIQUE (user_game_id, tag_id);
ALTER TABLE ONLY public.user_games
    ADD CONSTRAINT user_games_pkey PRIMARY KEY (id);
ALTER TABLE ONLY public.user_games
    ADD CONSTRAINT user_games_user_id_game_id_key UNIQUE (user_id, game_id);
ALTER TABLE ONLY public.user_sessions
    ADD CONSTRAINT user_sessions_pkey PRIMARY KEY (id);
ALTER TABLE ONLY public.user_sessions
    ADD CONSTRAINT user_sessions_session_id_hash_key UNIQUE (session_id_hash);
ALTER TABLE ONLY public.user_settings
    ADD CONSTRAINT user_settings_pkey PRIMARY KEY (user_id);
ALTER TABLE ONLY public.user_sync_configs
    ADD CONSTRAINT user_sync_configs_pkey PRIMARY KEY (id);
ALTER TABLE ONLY public.user_sync_configs
    ADD CONSTRAINT user_sync_configs_user_id_storefront_key UNIQUE (user_id, storefront);
ALTER TABLE ONLY public.users
    ADD CONSTRAINT users_pkey PRIMARY KEY (id);
ALTER TABLE ONLY public.users
    ADD CONSTRAINT users_username_key UNIQUE (username);
CREATE INDEX api_keys_user_id_idx ON public.api_keys USING btree (user_id);
CREATE INDEX changes_created_at_idx ON public.changes USING btree (created_at);
CREATE INDEX changes_job_id_idx ON public.changes USING btree (job_id);
CREATE INDEX changes_user_id_idx ON public.changes USING btree (user_id);
CREATE INDEX events_actor_user_id_idx ON public.events USING btree (actor_user_id);
CREATE UNIQUE INDEX events_dedup_key_idx ON public.events USING btree (dedup_key);
CREATE INDEX events_occurred_at_id_idx ON public.events USING btree (occurred_at DESC, id DESC);
CREATE INDEX events_occurred_at_idx ON public.events USING btree (occurred_at);
CREATE INDEX external_game_platforms_external_game_id_idx ON public.external_game_platforms USING btree (external_game_id);
CREATE INDEX external_games_is_skipped_idx ON public.external_games USING btree (is_skipped) WHERE (is_skipped = true);
CREATE INDEX external_games_parent_id_idx ON public.external_games USING btree (parent_id) WHERE (parent_id IS NOT NULL);
CREATE INDEX external_games_resolved_igdb_id_idx ON public.external_games USING btree (resolved_igdb_id);
CREATE INDEX external_games_storefront_idx ON public.external_games USING btree (storefront);
CREATE INDEX external_games_user_id_idx ON public.external_games USING btree (user_id);
CREATE INDEX games_developer_idx ON public.games USING btree (developer);
CREATE INDEX games_genre_idx ON public.games USING btree (genre);
CREATE INDEX games_publisher_idx ON public.games USING btree (publisher);
CREATE INDEX games_release_date_idx ON public.games USING btree (release_date);
CREATE INDEX games_title_idx ON public.games USING btree (title);
CREATE INDEX job_items_external_game_id_idx ON public.job_items USING btree (external_game_id);
CREATE INDEX job_items_job_id_idx ON public.job_items USING btree (job_id);
CREATE INDEX job_items_status_idx ON public.job_items USING btree (status);
CREATE INDEX job_items_user_id_idx ON public.job_items USING btree (user_id);
CREATE INDEX jobs_job_type_idx ON public.jobs USING btree (job_type);
CREATE INDEX jobs_source_idx ON public.jobs USING btree (source);
CREATE INDEX jobs_status_idx ON public.jobs USING btree (status);
CREATE INDEX jobs_user_id_idx ON public.jobs USING btree (user_id);
CREATE INDEX notification_channels_user_id_idx ON public.notification_channels USING btree (user_id);
CREATE INDEX pool_games_pool_id_idx ON public.pool_games USING btree (pool_id);
CREATE INDEX pool_games_user_game_id_idx ON public.pool_games USING btree (user_game_id);
CREATE INDEX pools_user_id_idx ON public.pools USING btree (user_id);
CREATE INDEX tags_user_id_idx ON public.tags USING btree (user_id);
CREATE INDEX user_game_platforms_external_game_id_idx ON public.user_game_platforms USING btree (external_game_id);
CREATE INDEX user_game_platforms_platform_idx ON public.user_game_platforms USING btree (platform);
CREATE INDEX user_game_platforms_storefront_idx ON public.user_game_platforms USING btree (storefront);
CREATE UNIQUE INDEX user_game_platforms_uniq ON public.user_game_platforms USING btree (user_game_id, platform, storefront) NULLS NOT DISTINCT;
CREATE INDEX user_game_tags_tag_id_idx ON public.user_game_tags USING btree (tag_id);
CREATE INDEX user_game_tags_user_game_id_idx ON public.user_game_tags USING btree (user_game_id);
CREATE INDEX user_games_game_id_idx ON public.user_games USING btree (game_id);
CREATE INDEX user_games_is_loved_idx ON public.user_games USING btree (is_loved) WHERE (is_loved = true);
CREATE INDEX user_games_play_status_idx ON public.user_games USING btree (play_status);
CREATE INDEX user_games_user_id_idx ON public.user_games USING btree (user_id);
CREATE INDEX user_games_wishlisted_idx ON public.user_games USING btree (user_id) WHERE (is_wishlisted = true);
CREATE INDEX user_sessions_expires_at_idx ON public.user_sessions USING btree (expires_at);
CREATE INDEX user_sessions_session_id_hash_idx ON public.user_sessions USING btree (session_id_hash);
CREATE INDEX user_sessions_user_id_idx ON public.user_sessions USING btree (user_id);
CREATE INDEX user_sync_configs_storefront_idx ON public.user_sync_configs USING btree (storefront);
CREATE INDEX user_sync_configs_user_id_idx ON public.user_sync_configs USING btree (user_id);
CREATE INDEX users_is_active_idx ON public.users USING btree (is_active) WHERE (is_active = true);
ALTER TABLE ONLY public.api_keys
    ADD CONSTRAINT api_keys_user_id_fkey FOREIGN KEY (user_id) REFERENCES public.users(id) ON DELETE CASCADE;
ALTER TABLE ONLY public.changes
    ADD CONSTRAINT changes_user_game_id_fkey FOREIGN KEY (user_game_id) REFERENCES public.user_games(id) ON DELETE SET NULL;
ALTER TABLE ONLY public.events
    ADD CONSTRAINT events_actor_user_id_fkey FOREIGN KEY (actor_user_id) REFERENCES public.users(id) ON DELETE SET NULL;
ALTER TABLE ONLY public.external_game_platforms
    ADD CONSTRAINT external_game_platforms_external_game_id_fkey FOREIGN KEY (external_game_id) REFERENCES public.external_games(id) ON DELETE CASCADE;
ALTER TABLE ONLY public.external_game_platforms
    ADD CONSTRAINT external_game_platforms_platform_fkey FOREIGN KEY (platform) REFERENCES public.platforms(name);
ALTER TABLE ONLY public.external_games
    ADD CONSTRAINT external_games_parent_id_fkey FOREIGN KEY (parent_id) REFERENCES public.external_games(id) ON DELETE SET NULL;
ALTER TABLE ONLY public.external_games
    ADD CONSTRAINT external_games_resolved_igdb_id_fkey FOREIGN KEY (resolved_igdb_id) REFERENCES public.games(id) ON DELETE SET NULL;
ALTER TABLE ONLY public.external_games
    ADD CONSTRAINT external_games_user_id_fkey FOREIGN KEY (user_id) REFERENCES public.users(id) ON DELETE CASCADE;
ALTER TABLE ONLY public.job_items
    ADD CONSTRAINT job_items_external_game_id_fkey FOREIGN KEY (external_game_id) REFERENCES public.external_games(id) ON DELETE SET NULL;
ALTER TABLE ONLY public.job_items
    ADD CONSTRAINT job_items_job_id_fkey FOREIGN KEY (job_id) REFERENCES public.jobs(id) ON DELETE CASCADE;
ALTER TABLE ONLY public.job_items
    ADD CONSTRAINT job_items_user_id_fkey FOREIGN KEY (user_id) REFERENCES public.users(id) ON DELETE CASCADE;
ALTER TABLE ONLY public.jobs
    ADD CONSTRAINT jobs_user_id_fkey FOREIGN KEY (user_id) REFERENCES public.users(id) ON DELETE CASCADE;
ALTER TABLE ONLY public.notification_channels
    ADD CONSTRAINT notification_channels_user_id_fkey FOREIGN KEY (user_id) REFERENCES public.users(id) ON DELETE CASCADE;
ALTER TABLE ONLY public.notification_subscriptions
    ADD CONSTRAINT notification_subscriptions_user_id_fkey FOREIGN KEY (user_id) REFERENCES public.users(id) ON DELETE CASCADE;
ALTER TABLE ONLY public.platform_storefronts
    ADD CONSTRAINT platform_storefronts_platform_fkey FOREIGN KEY (platform) REFERENCES public.platforms(name) ON DELETE CASCADE;
ALTER TABLE ONLY public.platform_storefronts
    ADD CONSTRAINT platform_storefronts_storefront_fkey FOREIGN KEY (storefront) REFERENCES public.storefronts(name) ON DELETE CASCADE;
ALTER TABLE ONLY public.platforms
    ADD CONSTRAINT platforms_default_storefront_fkey FOREIGN KEY (default_storefront) REFERENCES public.storefronts(name);
ALTER TABLE ONLY public.pool_games
    ADD CONSTRAINT pool_games_pool_id_fkey FOREIGN KEY (pool_id) REFERENCES public.pools(id) ON DELETE CASCADE;
ALTER TABLE ONLY public.pool_games
    ADD CONSTRAINT pool_games_user_game_id_fkey FOREIGN KEY (user_game_id) REFERENCES public.user_games(id) ON DELETE CASCADE;
ALTER TABLE ONLY public.pools
    ADD CONSTRAINT pools_user_id_fkey FOREIGN KEY (user_id) REFERENCES public.users(id) ON DELETE CASCADE;
ALTER TABLE ONLY public.changes
    ADD CONSTRAINT sync_changes_external_game_id_fkey FOREIGN KEY (external_game_id) REFERENCES public.external_games(id) ON DELETE SET NULL;
ALTER TABLE ONLY public.changes
    ADD CONSTRAINT sync_changes_job_id_fkey FOREIGN KEY (job_id) REFERENCES public.jobs(id) ON DELETE CASCADE;
ALTER TABLE ONLY public.changes
    ADD CONSTRAINT sync_changes_user_id_fkey FOREIGN KEY (user_id) REFERENCES public.users(id) ON DELETE CASCADE;
ALTER TABLE ONLY public.tags
    ADD CONSTRAINT tags_user_id_fkey FOREIGN KEY (user_id) REFERENCES public.users(id) ON DELETE CASCADE;
ALTER TABLE ONLY public.user_game_platforms
    ADD CONSTRAINT user_game_platforms_external_game_id_fkey FOREIGN KEY (external_game_id) REFERENCES public.external_games(id) ON DELETE SET NULL;
ALTER TABLE ONLY public.user_game_platforms
    ADD CONSTRAINT user_game_platforms_platform_fkey FOREIGN KEY (platform) REFERENCES public.platforms(name) ON DELETE RESTRICT;
ALTER TABLE ONLY public.user_game_platforms
    ADD CONSTRAINT user_game_platforms_storefront_fkey FOREIGN KEY (storefront) REFERENCES public.storefronts(name) ON DELETE RESTRICT;
ALTER TABLE ONLY public.user_game_platforms
    ADD CONSTRAINT user_game_platforms_user_game_id_fkey FOREIGN KEY (user_game_id) REFERENCES public.user_games(id) ON DELETE CASCADE;
ALTER TABLE ONLY public.user_game_tags
    ADD CONSTRAINT user_game_tags_tag_id_fkey FOREIGN KEY (tag_id) REFERENCES public.tags(id) ON DELETE CASCADE;
ALTER TABLE ONLY public.user_game_tags
    ADD CONSTRAINT user_game_tags_user_game_id_fkey FOREIGN KEY (user_game_id) REFERENCES public.user_games(id) ON DELETE CASCADE;
ALTER TABLE ONLY public.user_games
    ADD CONSTRAINT user_games_game_id_fkey FOREIGN KEY (game_id) REFERENCES public.games(id) ON DELETE CASCADE;
ALTER TABLE ONLY public.user_games
    ADD CONSTRAINT user_games_user_id_fkey FOREIGN KEY (user_id) REFERENCES public.users(id) ON DELETE CASCADE;
ALTER TABLE ONLY public.user_sessions
    ADD CONSTRAINT user_sessions_user_id_fkey FOREIGN KEY (user_id) REFERENCES public.users(id) ON DELETE CASCADE;
ALTER TABLE ONLY public.user_settings
    ADD CONSTRAINT user_settings_user_id_fkey FOREIGN KEY (user_id) REFERENCES public.users(id) ON DELETE CASCADE;
ALTER TABLE ONLY public.user_sync_configs
    ADD CONSTRAINT user_sync_configs_user_id_fkey FOREIGN KEY (user_id) REFERENCES public.users(id) ON DELETE CASCADE;

-- Seed/reference data (platforms, storefronts, platform_storefronts, backup_config).
INSERT INTO public.backup_config VALUES (1, '0 2 * * *', 'days', 30, NULL, '2026-06-20 05:19:03.337026+00', '2026-06-20 05:19:03.337026+00');
INSERT INTO public.storefronts VALUES ('steam', 'Steam', 'steam-icon-light.svg', 'https://store.steampowered.com');
INSERT INTO public.storefronts VALUES ('epic-games-store', 'Epic Games Store', 'epic-games-store-icon-light.svg', 'https://store.epicgames.com');
INSERT INTO public.storefronts VALUES ('gog', 'GOG', 'gog-icon-light.svg', 'https://www.gog.com');
INSERT INTO public.storefronts VALUES ('playstation-store', 'PlayStation Store', 'playstation-store-icon-light.svg', 'https://store.playstation.com');
INSERT INTO public.storefronts VALUES ('microsoft-store', 'Microsoft Store', 'microsoft-store-icon-light.svg', 'https://www.microsoft.com/store');
INSERT INTO public.storefronts VALUES ('nintendo-eshop', 'Nintendo eShop', 'nintendo-eshop-icon-light.svg', 'https://www.nintendo.com/us/store');
INSERT INTO public.storefronts VALUES ('itch-io', 'Itch.io', 'itch-io-icon-light.svg', 'https://itch.io');
INSERT INTO public.storefronts VALUES ('origin-ea-app', 'Origin/EA App', 'origin-ea-app-icon-light.svg', 'https://www.ea.com/ea-app');
INSERT INTO public.storefronts VALUES ('apple-app-store', 'Apple App Store', 'apple-app-store-icon-light.svg', 'https://apps.apple.com');
INSERT INTO public.storefronts VALUES ('google-play-store', 'Google Play Store', 'google-play-store-icon-light.svg', 'https://play.google.com/store');
INSERT INTO public.storefronts VALUES ('humble-bundle', 'Humble Bundle', 'humble-bundle-icon-light.svg', 'https://www.humblebundle.com');
INSERT INTO public.storefronts VALUES ('physical', 'Physical', 'physical-icon-light.svg', '');
INSERT INTO public.storefronts VALUES ('uplay', 'UPlay', 'uplay-icon-light.svg', 'https://store.ubi.com');
INSERT INTO public.storefronts VALUES ('gamersgate', 'GamersGate', NULL, 'https://www.gamersgate.com');
INSERT INTO public.storefronts VALUES ('amazon-games', 'Amazon Games', NULL, 'https://gaming.amazon.com');
INSERT INTO public.platforms VALUES ('pc-windows', 'PC (Windows)', 'pc-windows-icon-light.svg', 6, 'steam');
INSERT INTO public.platforms VALUES ('playstation-5', 'PlayStation 5', 'playstation-5-icon-light.svg', 167, 'playstation-store');
INSERT INTO public.platforms VALUES ('playstation-4', 'PlayStation 4', 'playstation-4-icon-light.svg', 48, 'playstation-store');
INSERT INTO public.platforms VALUES ('playstation-3', 'PlayStation 3', 'playstation-3-icon-light.svg', 9, 'playstation-store');
INSERT INTO public.platforms VALUES ('playstation-vita', 'PlayStation Vita', NULL, 46, 'playstation-store');
INSERT INTO public.platforms VALUES ('playstation-psp', 'PlayStation Portable (PSP)', NULL, 38, 'playstation-store');
INSERT INTO public.platforms VALUES ('xbox-series', 'Xbox Series X/S', 'xbox-series-icon-light.svg', 169, 'microsoft-store');
INSERT INTO public.platforms VALUES ('xbox-one', 'Xbox One', 'xbox-one-icon-light.svg', 49, 'microsoft-store');
INSERT INTO public.platforms VALUES ('xbox-360', 'Xbox 360', 'xbox-360-icon-light.svg', 12, 'microsoft-store');
INSERT INTO public.platforms VALUES ('nintendo-switch', 'Nintendo Switch', 'nintendo-switch-icon-light.svg', 130, 'nintendo-eshop');
INSERT INTO public.platforms VALUES ('nintendo-wii', 'Nintendo Wii', 'nintendo-wii-icon-light.svg', 5, 'nintendo-eshop');
INSERT INTO public.platforms VALUES ('ios', 'iOS', 'ios-icon-light.svg', 39, 'apple-app-store');
INSERT INTO public.platforms VALUES ('android', 'Android', 'android-icon-light.svg', 34, 'google-play-store');
INSERT INTO public.platforms VALUES ('playstation-2', 'PlayStation 2', 'playstation-2-icon-light.svg', 8, 'physical');
INSERT INTO public.platforms VALUES ('playstation', 'PlayStation', 'playstation-icon-light.svg', 7, 'physical');
INSERT INTO public.platforms VALUES ('nintendo-wii-u', 'Nintendo Wii U', 'nintendo-wii-u-icon-light.svg', 41, 'nintendo-eshop');
INSERT INTO public.platforms VALUES ('pc-linux', 'PC (Linux)', 'pc-linux-icon-light.svg', 3, 'steam');
INSERT INTO public.platforms VALUES ('mac', 'Mac', 'mac-icon-light.svg', 14, 'steam');
INSERT INTO public.platforms VALUES ('nintendo-switch-2', 'Nintendo Switch 2', 'nintendo-switch-2-icon-light.svg', 508, 'nintendo-eshop');
INSERT INTO public.platforms VALUES ('xbox', 'Xbox', NULL, 11, 'physical');
INSERT INTO public.platforms VALUES ('nintendo-nes', 'Nintendo Entertainment System', NULL, 18, 'physical');
INSERT INTO public.platforms VALUES ('nintendo-snes', 'Super Nintendo (SNES)', NULL, 19, 'physical');
INSERT INTO public.platforms VALUES ('nintendo-64', 'Nintendo 64', NULL, 4, 'physical');
INSERT INTO public.platforms VALUES ('nintendo-gamecube', 'Nintendo GameCube', NULL, 21, 'physical');
INSERT INTO public.platforms VALUES ('nintendo-game-boy', 'Game Boy', NULL, 33, 'physical');
INSERT INTO public.platforms VALUES ('nintendo-game-boy-color', 'Game Boy Color', NULL, 22, 'physical');
INSERT INTO public.platforms VALUES ('nintendo-game-boy-advance', 'Game Boy Advance', NULL, 24, 'physical');
INSERT INTO public.platforms VALUES ('nintendo-ds', 'Nintendo DS', NULL, 20, 'physical');
INSERT INTO public.platforms VALUES ('nintendo-3ds', 'Nintendo 3DS', NULL, 37, 'physical');
INSERT INTO public.platforms VALUES ('sega-genesis', 'Sega Genesis / Mega Drive', NULL, 29, 'physical');
INSERT INTO public.platforms VALUES ('sega-dreamcast', 'Sega Dreamcast', NULL, 23, 'physical');
INSERT INTO public.platform_storefronts VALUES ('pc-windows', 'steam');
INSERT INTO public.platform_storefronts VALUES ('pc-windows', 'epic-games-store');
INSERT INTO public.platform_storefronts VALUES ('pc-windows', 'gog');
INSERT INTO public.platform_storefronts VALUES ('pc-windows', 'origin-ea-app');
INSERT INTO public.platform_storefronts VALUES ('pc-windows', 'microsoft-store');
INSERT INTO public.platform_storefronts VALUES ('pc-windows', 'itch-io');
INSERT INTO public.platform_storefronts VALUES ('pc-windows', 'gamersgate');
INSERT INTO public.platform_storefronts VALUES ('pc-windows', 'physical');
INSERT INTO public.platform_storefronts VALUES ('playstation-5', 'playstation-store');
INSERT INTO public.platform_storefronts VALUES ('playstation-5', 'physical');
INSERT INTO public.platform_storefronts VALUES ('playstation-4', 'playstation-store');
INSERT INTO public.platform_storefronts VALUES ('playstation-4', 'physical');
INSERT INTO public.platform_storefronts VALUES ('playstation-3', 'playstation-store');
INSERT INTO public.platform_storefronts VALUES ('playstation-3', 'physical');
INSERT INTO public.platform_storefronts VALUES ('playstation-vita', 'playstation-store');
INSERT INTO public.platform_storefronts VALUES ('playstation-vita', 'physical');
INSERT INTO public.platform_storefronts VALUES ('playstation-psp', 'playstation-store');
INSERT INTO public.platform_storefronts VALUES ('playstation-psp', 'physical');
INSERT INTO public.platform_storefronts VALUES ('xbox-series', 'microsoft-store');
INSERT INTO public.platform_storefronts VALUES ('xbox-series', 'physical');
INSERT INTO public.platform_storefronts VALUES ('xbox-one', 'microsoft-store');
INSERT INTO public.platform_storefronts VALUES ('xbox-one', 'physical');
INSERT INTO public.platform_storefronts VALUES ('xbox-360', 'microsoft-store');
INSERT INTO public.platform_storefronts VALUES ('xbox-360', 'physical');
INSERT INTO public.platform_storefronts VALUES ('nintendo-switch', 'nintendo-eshop');
INSERT INTO public.platform_storefronts VALUES ('nintendo-switch', 'physical');
INSERT INTO public.platform_storefronts VALUES ('nintendo-wii', 'nintendo-eshop');
INSERT INTO public.platform_storefronts VALUES ('nintendo-wii', 'physical');
INSERT INTO public.platform_storefronts VALUES ('ios', 'apple-app-store');
INSERT INTO public.platform_storefronts VALUES ('ios', 'epic-games-store');
INSERT INTO public.platform_storefronts VALUES ('android', 'google-play-store');
INSERT INTO public.platform_storefronts VALUES ('android', 'epic-games-store');
INSERT INTO public.platform_storefronts VALUES ('pc-linux', 'steam');
INSERT INTO public.platform_storefronts VALUES ('pc-linux', 'gog');
INSERT INTO public.platform_storefronts VALUES ('pc-linux', 'humble-bundle');
INSERT INTO public.platform_storefronts VALUES ('playstation-2', 'physical');
INSERT INTO public.platform_storefronts VALUES ('playstation', 'physical');
INSERT INTO public.platform_storefronts VALUES ('nintendo-wii-u', 'nintendo-eshop');
INSERT INTO public.platform_storefronts VALUES ('nintendo-wii-u', 'physical');
INSERT INTO public.platform_storefronts VALUES ('nintendo-switch-2', 'nintendo-eshop');
INSERT INTO public.platform_storefronts VALUES ('nintendo-switch-2', 'physical');
INSERT INTO public.platform_storefronts VALUES ('mac', 'steam');
INSERT INTO public.platform_storefronts VALUES ('mac', 'gog');
INSERT INTO public.platform_storefronts VALUES ('pc-windows', 'humble-bundle');
INSERT INTO public.platform_storefronts VALUES ('mac', 'humble-bundle');
INSERT INTO public.platform_storefronts VALUES ('android', 'humble-bundle');
INSERT INTO public.platform_storefronts VALUES ('xbox', 'physical');
INSERT INTO public.platform_storefronts VALUES ('nintendo-nes', 'physical');
INSERT INTO public.platform_storefronts VALUES ('nintendo-snes', 'physical');
INSERT INTO public.platform_storefronts VALUES ('nintendo-64', 'physical');
INSERT INTO public.platform_storefronts VALUES ('nintendo-gamecube', 'physical');
INSERT INTO public.platform_storefronts VALUES ('nintendo-game-boy', 'physical');
INSERT INTO public.platform_storefronts VALUES ('nintendo-game-boy-color', 'physical');
INSERT INTO public.platform_storefronts VALUES ('nintendo-game-boy-advance', 'physical');
INSERT INTO public.platform_storefronts VALUES ('nintendo-ds', 'physical');
INSERT INTO public.platform_storefronts VALUES ('nintendo-3ds', 'physical');
INSERT INTO public.platform_storefronts VALUES ('sega-genesis', 'physical');
INSERT INTO public.platform_storefronts VALUES ('sega-dreamcast', 'physical');
INSERT INTO public.platform_storefronts VALUES ('pc-windows', 'uplay');
INSERT INTO public.platform_storefronts VALUES ('mac', 'itch-io');
INSERT INTO public.platform_storefronts VALUES ('pc-linux', 'itch-io');
INSERT INTO public.platform_storefronts VALUES ('android', 'itch-io');
INSERT INTO public.platform_storefronts VALUES ('pc-windows', 'amazon-games');
